http://ktin247.com/ngu-nhu-bova-2-bai-hoc-de-doi?fb_action_ids=864018406946530&fb_action_types=og.recommends,0,
http://dantri.com.vn,0,
http://kenh12h.com/tintuc.html,1,|||||http://www.facebook.com/plugins/like.php?href=https://www.facebook.com/pages/Quay-tay-th%E1%BA%A7n-th%C3%A1nh/791181624232929&locale=fb_LT&send=false&layout=button_count&width=450&show_faces=false&font=tahoma&colorscheme=light&action=like&height=21|||||http://www.facebook.com/plugins/like.php?href=https://www.facebook.com/pages/Vilybes-shop/1439565469635610&locale=fb_LT&send=false&layout=button_count&width=450&show_faces=false&font=tahoma&colorscheme=light&action=like&height=21|||||http://www.facebook.com/plugins/like.php?href=https://www.facebook.com/pages/Clip-si%C3%AAu-hot/775833962460930&locale=fb_LT&send=false&layout=button_count&width=450&show_faces=false&font=tahoma&colorscheme=light&action=like&height=21
http://dantri.com.vn,0,
http://kenh12h.com/tintuc.html,1,|||||http://www.facebook.com/plugins/like.php?href=https://www.facebook.com/pages/Quay-tay-th%E1%BA%A7n-th%C3%A1nh/791181624232929&locale=fb_LT&send=false&layout=button_count&width=450&show_faces=false&font=tahoma&colorscheme=light&action=like&height=21|||||http://www.facebook.com/plugins/like.php?href=https://www.facebook.com/pages/Vilybes-shop/1439565469635610&locale=fb_LT&send=false&layout=button_count&width=450&show_faces=false&font=tahoma&colorscheme=light&action=like&height=21|||||http://www.facebook.com/plugins/like.php?href=https://www.facebook.com/pages/Clip-si%C3%AAu-hot/775833962460930&locale=fb_LT&send=false&layout=button_count&width=450&show_faces=false&font=tahoma&colorscheme=light&action=like&height=21
http://dantri.com.vn,0,
http://kenh12h.com/tintuc.html,1,|||||http://www.facebook.com/plugins/like.php?href=https://www.facebook.com/pages/Quay-tay-th%E1%BA%A7n-th%C3%A1nh/791181624232929&locale=fb_LT&send=false&layout=button_count&width=450&show_faces=false&font=tahoma&colorscheme=light&action=like&height=21|||||http://www.facebook.com/plugins/like.php?href=https://www.facebook.com/pages/Vilybes-shop/1439565469635610&locale=fb_LT&send=false&layout=button_count&width=450&show_faces=false&font=tahoma&colorscheme=light&action=like&height=21|||||http://www.facebook.com/plugins/like.php?href=https://www.facebook.com/pages/Clip-si%C3%AAu-hot/775833962460930&locale=fb_LT&send=false&layout=button_count&width=450&show_faces=false&font=tahoma&colorscheme=light&action=like&height=21
http://webstats.motigo.com/redirect?id=AEtPRQ1yuGsbOqFhSZyzrIL+rtBQ,0,
http://webstats.motigo.com/redirect?id=AEZ5Cwld4ad6d+Th1Qjs6Yi5eSHQ,0,
http://webstats.motigo.com/redirect?id=AER7cQeM7jbWPm5M/h6wWzGKnvXA,1,|||||https://accounts.google.com/o/oauth2/postmessageRelay?parent=http%3A%2F%2Fnamnguyenft.vn#rpctoken=914255420&forcesecure=1
